東京ディズニーシー,千葉県浦安市舞浜1-13,35.6271107,139.8874667,5339,533937,53393750
銀座三越,東京都中央区銀座4丁目6-16,35.671328,139.7658423,5339,533946,53394601
東京ドーム,東京都文京区後楽1-3-61,35.7046709,139.7533532,5339,533946,53394640
よみうりランド 神奈川,神奈川県川崎市多摩区菅仙谷4-1,35.6282903,139.5190861,5339,533934,53393451
よみうりランド 東京,東京都稲城市矢野口4015-1,35.6320201,139.5171749,5339,533934,53393451
日本ビューホテル 浅草,東京都台東区西浅草3丁目17-1,35.7154683,139.7919445,5339,533946,53394653
日本ビューホテル 成田,千葉県成田市小菅700,35.78073310000001,140.3536328,5340,534052,53405238
大井競馬場,東京都品川区勝島2丁目1-2,35.5935589,139.7432084,5339,533935,53393519
楽天本社,東京都世田谷区玉川1-14-1,35.6104826,139.6299511,5339,533935,53393530
ファーストリテイリング旗艦店,東京都中央区銀座6丁目9-5,35.6704364,139.7631425,5339,533946,53394601
ファーストリテイリング,東京都新宿区新宿3丁目29-1,35.6913904,139.7027745,5339,533945,53394526
大塚家具 有明,東京都江東区有明3-6-11,35.6309522,139.7904891,5339,533936,53393653
ニトリ 渋谷区千駄ヶ谷,東京都渋谷区千駄ヶ谷5-24-2,35.6859938,139.7024498,5339,533945,53394526
ニトリ 銀座,東京都中央区銀座3-2-1,35.67373329999999,139.7651923,5339,533946,53394601
ニトリ 吉祥寺,東京都武蔵野市吉祥寺本町2-3-1,35.7050777,139.5778624,5339,533944,53394446
ニトリ 池袋,東京都豊島区西池袋1-1-25,35.7303421,139.7105637,5339,533945,53394576
ドン・キホーテ 銀座,東京都中央区銀座8-10,35.6677089,139.7620926,5339,533946,53394600
ドン・キホーテ 六本木,東京都港区六本木3-14-10,35.6624365,139.7346478,5339,533935,53393598
ドン・キホーテ 赤坂,東京都港区赤坂3丁目11-14,35.6746573,139.7373194,5339,533945,53394508
ドン・キホーテ 白金台,東京都港区白金台3-15-5,35.6369615,139.724605,5339,533935,53393567
ロイヤルホテル藤田観光 銀座,東京都中央区銀座7-10-1,35.6688921,139.7635703,5339,533946,53394601
ロイヤルホテル藤田観光 文京区関口,東京都文京区関口2丁目10-8,35.7123527,139.7259712,5339,533945,53394558
ロイヤルホテル藤田観光 新宿,東京都新宿区西新宿3丁目2-9,35.6869712,139.6932813,5339,533945,53394525
共立メンテナンス 渋谷区神宮前,東京都渋谷区神宮前6丁目24-4,35.6656601,139.7021145,5339,533935,53393596
共立メンテナンス 千代田区神田,東京都千代田区神田須田町1-16,35.6952086,139.7706746,5339,533946,53394631
共立メンテナンス 台東区花川戸,東京都台東区花川戸1丁目3-4,35.7118909,139.798933,5339,533946,53394653
共立メンテナンス 千代田区外神田,東京都千代田区外神田4-12-5,35.7026855,139.7732298,5339,533946,53394641
東武ストア 西池袋,東京都豊島区西池袋3丁目17-3,35.7288252,139.7044782,5339,533945,53394576
東武ストア 板橋区赤塚,東京都板橋区赤塚2-8-7-101,35.772116,139.6450652,5339,533955,53395521
東武ストア 板橋区高島平,東京都板橋区高島平2-33-1-107,35.7881474,139.660683,5339,533955,53395542
東武ストア 板橋区小豆沢,東京都板橋区小豆沢2-4-8-101,35.7765559,139.7019463,5339,533955,53395536
東武ストア 大宮区寿能町,埼玉県さいたま市大宮区寿能町1-177-5,35.9233625,139.6316674,5339,533975,53397500
東武ストア 大宮区土手町,埼玉県さいたま市大宮区土手町3丁目-285,35.9171633,139.6247291,5339,533974,53397409
東武ストア 大宮区堀の内町,埼玉県さいたま市大宮区堀の内町3丁目158-1,35.9138805,139.6347729,5339,533965,53396590
東武ストア 朝霞市本町,埼玉県朝霞市本町2-3-23,35.7954917,139.5986328,5339,533954,53395457
富士急ハイランド,山梨県富士吉田市新西原5-6-1,35.48459649999999,138.7781016,5338,533816,53381682
